{
  "field_test_summary": {
    "test_date": "2025-08-13T08:14:53.056924",
    "total_samples_collected": 15,
    "locations_tested": 2,
    "sdr_devices_tested": 3,
    "over_the_air_scenarios": 3
  },
  "sdr_performance": {
    "total_samples": 15,
    "modulation_distribution": {
      "BPSK": 3,
      "QPSK": 3,
      "8PSK": 3,
      "QAM16": 3,
      "AM": 3
    },
    "average_snr": 15.537988469324558,
    "snr_range": [
      4.121733219560943,
      24.38126638273314
    ]
  },
  "location_analysis": {
    "Urban Downtown": {
      "environment": "urban",
      "samples_collected": 3,
      "signal_quality": {
        "avg_snr": 11.224320524680593,
        "snr_std": 5.071900232979627,
        "min_snr": 5.412378728140963,
        "max_snr": 17.770656428712186,
        "frequency_spread": 0.0,
        "num_samples": 3
      },
      "classification_accuracy": {
        "BPSK": 0.6432308478106614,
        "QPSK": 0.7987015166710282,
        "8PSK": 0.44027553305305617
      },
      "average_accuracy": 0.6274026325115819
    },
    "Suburban Residential": {
      "environment": "suburban",
      "samples_collected": 3,
      "signal_quality": {
        "avg_snr": 16.513160392901813,
        "snr_std": 5.514131623492062,
        "min_snr": 8.799027407137778,
        "max_snr": 21.35895614612422,
        "frequency_spread": 0.0,
        "num_samples": 3
      },
      "classification_accuracy": {
        "BPSK": 0.9180702272495137,
        "QPSK": 0.9187063795680332,
        "8PSK": 0.5415938772524747
      },
      "average_accuracy": 0.7927901613566739
    }
  },
  "benchmark_analysis": {
    "modulations_tested": [
      "BPSK",
      "QPSK",
      "8PSK",
      "QAM16"
    ],
    "research_benchmark_performance": {
      "BPSK": {
        "radioml_2016_10": {
          "meets_benchmark": false,
          "accuracy_difference": -0.07242575392436412
        },
        "over_the_air_2018": {
          "meets_benchmark": true,
          "accuracy_difference": -0.0024257539243641713
        }
      },
      "QPSK": {
        "radioml_2016_10": {
          "meets_benchmark": false,
          "accuracy_difference": -0.05554043063135594
        },
        "over_the_air_2018": {
          "meets_benchmark": true,
          "accuracy_difference": 0.01445956936864412
        }
      },
      "8PSK": {
        "radioml_2016_10": {
          "meets_benchmark": true,
          "accuracy_difference": -0.010299159101292976
        },
        "over_the_air_2018": {
          "meets_benchmark": true,
          "accuracy_difference": 0.06970084089870698
        }
      },
      "QAM16": {
        "radioml_2016_10": {
          "meets_benchmark": false,
          "accuracy_difference": -0.0755066658747946
        },
        "over_the_air_2018": {
          "meets_benchmark": true,
          "accuracy_difference": 0.02449333412520538
        }
      }
    },
    "commercial_tool_comparison": {
      "BPSK": {
        "matlab_comm_toolbox": {
          "outperforms": false,
          "accuracy_difference": -0.052425753924364216
        },
        "gnu_radio": {
          "outperforms": false,
          "accuracy_difference": -0.01242575392436418
        }
      },
      "QPSK": {
        "matlab_comm_toolbox": {
          "outperforms": false,
          "accuracy_difference": -0.035540430631355924
        },
        "gnu_radio": {
          "outperforms": true,
          "accuracy_difference": 0.004459569368644112
        }
      },
      "8PSK": {
        "matlab_comm_toolbox": {
          "outperforms": true,
          "accuracy_difference": 0.009700840898707042
        },
        "gnu_radio": {
          "outperforms": true,
          "accuracy_difference": 0.059700840898706975
        }
      },
      "QAM16": {
        "matlab_comm_toolbox": {
          "outperforms": false,
          "accuracy_difference": -0.04550666587479457
        },
        "gnu_radio": {
          "outperforms": false,
          "accuracy_difference": -0.005506665874794647
        }
      }
    }
  },
  "over_the_air_results": [
    {
      "device": "RTL-SDR (Urban)",
      "signal_strength": -65,
      "snr": 15.2,
      "accuracy": 0.89,
      "path_loss": 85
    },
    {
      "device": "HackRF (Suburban)",
      "signal_strength": -72,
      "snr": 12.8,
      "accuracy": 0.85,
      "path_loss": 92
    },
    {
      "device": "USRP (Rural)",
      "signal_strength": -58,
      "snr": 18.5,
      "accuracy": 0.93,
      "path_loss": 78
    }
  ],
  "recommendations": [
    "Performance needs improvement - review algorithms",
    "Signal quality is excellent across test environments"
  ]
}